ST_CD,MAJCAT,MERCHCAT,ST_OPT_DISP_Q_1,ST_OPT_DISP_Q_2,ST_OPT_DISP_Q_3,ST_OPT_DISP_Q_4,ST_OPT_DISP_Q_5,ST_OPT_DISP_Q_6,ST_OPT_DISP_Q_7,ST_OPT_DISP_Q_8,ST_OPT_DISP_Q_9,ST_OPT_DISP_Q_10,ST_OPT_DISP_Q_11,ST_OPT_DISP_Q_12,
aa,,aaa,0,0,0,0,0,0,0,0,0,0,0,0,0
,,,,,,,,,,,,,,,
,,,,,,,,,,,,,,,
,,,,,,,,,,,,,,,
,,,,,,,,,,,,,,,
,,,,,,,,,,,,,,,
,,,,,,,,,,,,,,,
,,,,,,,,,,,,,,,
,,,,,,,,,,,,,,,
,,,,,,,,,,,,,,,
,,,,,,,,,,,,,,,
,,,,,,,,,,,,,,,
,,,,,,,,,,,,,,,
,,,,,,,,,,,,,,,
,,,,,,,,,,,,,,,
,,,,,,,,,,,,,,,
,,,,,,,,,,,,,,,
,,,,,,,,,,,,,,,
,,,,,,,,,,,,,,,
,,,,,,,,,,,,,,,
,,,,,,,,,,,,,,,
,,,,,,,,,,,,,,,
,,,,,,,,,,,,,,,
,,,,,,,,,,,,,,,
,,,,,,,,,,,,,,,
,,,,,,,,,,,,,,,
,,,,,,,,,,,,,,,
,,,,,,,,,,,,,,,
,,,,,,,,,,,,,,,
,,,,,,,,,,,,,,,
,,,,,,,,,,,,,,,
,,,,,,,,,,,,,,,
,,,,,,,,,,,,,,,
,,,,,,,,,,,,,,,
,,,,,,,,,,,,,,,
,,,,,,,,,,,,,,,
,,,,,,,,,,,,,,,
,,,,,,,,,,,,,,,
,,,,,,,,,,,,,,,
,,,,,,,,,,,,,,,
,,,,,,,,,,,,,,,
,,,,,,,,,,,,,,,
,,,,,,,,,,,,,,,
,,,,,,,,,,,,,,,
,,,,,,,,,,,,,,,
,,,,,,,,,,,,,,,
,,,,,,,,,,,,,,,
,,,,,,,,,,,,,,,
,,,,,,,,,,,,,,,
,,,,,,,,,,,,,,,
,,,,,,,,,,,,,,,
,,,,,,,,,,,,,,,
,,,,,,,,,,,,,,,
,,,,,,,,,,,,,,,
,,,,,,,,,,,,,,,
,,,,,,,,,,,,,,,
,,,,,,,,,,,,,,,
,,,,,,,,,,,,,,,
,,,,,,,,,,,,,,,
,,,,,,,,,,,,,,,
,,,,,,,,,,,,,,,
,,,,,,,,,,,,,,,
,,,,,,,,,,,,,,,
,,,,,,,,,,,,,,,
,,,,,,,,,,,,,,,
,,,,,,,,,,,,,,,
,,,,,,,,,,,,,,,
,,,,,,,,,,,,,,,
,,,,,,,,,,,,,,,
,,,,,,,,,,,,,,,
,,,,,,,,,,,,,,,
,,,,,,,,,,,,,,,
,,,,,,,,,,,,,,,
,,,,,,,,,,,,,,,
,,,,,,,,,,,,,,,
,,,,,,,,,,,,,,,
,,,,,,,,,,,,,,,
,,,,,,,,,,,,,,,
,,,,,,,,,,,,,,,
,,,,,,,,,,,,,,,
,,,,,,,,,,,,,,,
,,,,,,,,,,,,,,,
,,,,,,,,,,,,,,,
,,,,,,,,,,,,,,,
,,,,,,,,,,,,,,,
,,,,,,,,,,,,,,,
,,,,,,,,,,,,,,,
,,,,,,,,,,,,,,,
,,,,,,,,,,,,,,,
,,,,,,,,,,,,,,,
,,,,,,,,,,,,,,,
,,,,,,,,,,,,,,,
,,,,,,,,,,,,,,,
,,,,,,,,,,,,,,,
,,,,,,,,,,,,,,,
,,,,,,,,,,,,,,,
,,,,,,,,,,,,,,,
,,,,,,,,,,,,,,,
,,,,,,,,,,,,,,,
,,,,,,,,,,,,,,,
,,,,,,,,,,,,,,,
,,,,,,,,,,,,,,,
,,,,,,,,,,,,,,,
,,,,,,,,,,,,,,,
,,,,,,,,,,,,,,,
,,,,,,,,,,,,,,,
,,,,,,,,,,,,,,,
,,,,,,,,,,,,,,,
,,,,,,,,,,,,,,,
,,,,,,,,,,,,,,,
,,,,,,,,,,,,,,,
,,,,,,,,,,,,,,,
,,,,,,,,,,,,,,,
,,,,,,,,,,,,,,,
,,,,,,,,,,,,,,,
,,,,,,,,,,,,,,,
,,,,,,,,,,,,,,,
,,,,,,,,,,,,,,,
,,,,,,,,,,,,,,,
,,,,,,,,,,,,,,,
,,,,,,,,,,,,,,,
,,,,,,,,,,,,,,,
,,,,,,,,,,,,,,,
,,,,,,,,,,,,,,,
,,,,,,,,,,,,,,,
,,,,,,,,,,,,,,,
,,,,,,,,,,,,,,,
,,,,,,,,,,,,,,,
,,,,,,,,,,,,,,,
,,,,,,,,,,,,,,,
,,,,,,,,,,,,,,,
,,,,,,,,,,,,,,,
,,,,,,,,,,,,,,,
,,,,,,,,,,,,,,,
,,,,,,,,,,,,,,,
,,,,,,,,,,,,,,,
,,,,,,,,,,,,,,,
,,,,,,,,,,,,,,,
,,,,,,,,,,,,,,,
,,,,,,,,,,,,,,,
,,,,,,,,,,,,,,,
,,,,,,,,,,,,,,,
,,,,,,,,,,,,,,,
,,,,,,,,,,,,,,,
,,,,,,,,,,,,,,,
,,,,,,,,,,,,,,,
,,,,,,,,,,,,,,,
,,,,,,,,,,,,,,,
,,,,,,,,,,,,,,,
,,,,,,,,,,,,,,,
,,,,,,,,,,,,,,,
,,,,,,,,,,,,,,,
,,,,,,,,,,,,,,,
,,,,,,,,,,,,,,,
,,,,,,,,,,,,,,,
,,,,,,,,,,,,,,,
,,,,,,,,,,,,,,,
,,,,,,,,,,,,,,,
,,,,,,,,,,,,,,,
,,,,,,,,,,,,,,,
,,,,,,,,,,,,,,,
,,,,,,,,,,,,,,,
,,,,,,,,,,,,,,,
,,,,,,,,,,,,,,,
,,,,,,,,,,,,,,,
,,,,,,,,,,,,,,,
,,,,,,,,,,,,,,,
,,,,,,,,,,,,,,,
,,,,,,,,,,,,,,,
,,,,,,,,,,,,,,,
,,,,,,,,,,,,,,,
,,,,,,,,,,,,,,,
,,,,,,,,,,,,,,,
,,,,,,,,,,,,,,,
,,,,,,,,,,,,,,,
,,,,,,,,,,,,,,,
,,,,,,,,,,,,,,,
,,,,,,,,,,,,,,,
,,,,,,,,,,,,,,,
,,,,,,,,,,,,,,,
,,,,,,,,,,,,,,,
,,,,,,,,,,,,,,,
,,,,,,,,,,,,,,,
,,,,,,,,,,,,,,,
,,,,,,,,,,,,,,,
,,,,,,,,,,,,,,,
,,,,,,,,,,,,,,,
,,,,,,,,,,,,,,,
,,,,,,,,,,,,,,,
,,,,,,,,,,,,,,,
,,,,,,,,,,,,,,,
,,,,,,,,,,,,,,,
,,,,,,,,,,,,,,,
,,,,,,,,,,,,,,,
,,,,,,,,,,,,,,,
,,,,,,,,,,,,,,,
,,,,,,,,,,,,,,,
,,,,,,,,,,,,,,,
,,,,,,,,,,,,,,,
,,,,,,,,,,,,,,,
,,,,,,,,,,,,,,,
,,,,,,,,,,,,,,,
,,,,,,,,,,,,,,,
,,,,,,,,,,,,,,,
,,,,,,,,,,,,,,,
,,,,,,,,,,,,,,,
,,,,,,,,,,,,,,,
,,,,,,,,,,,,,,,
,,,,,,,,,,,,,,,
,,,,,,,,,,,,,,,
,,,,,,,,,,,,,,,
,,,,,,,,,,,,,,,
,,,,,,,,,,,,,,,
,,,,,,,,,,,,,,,
,,,,,,,,,,,,,,,
,,,,,,,,,,,,,,,
,,,,,,,,,,,,,,,
,,,,,,,,,,,,,,,
,,,,,,,,,,,,,,,
,,,,,,,,,,,,,,,
,,,,,,,,,,,,,,,
,,,,,,,,,,,,,,,
,,,,,,,,,,,,,,,
,,,,,,,,,,,,,,,
,,,,,,,,,,,,,,,
,,,,,,,,,,,,,,,
,,,,,,,,,,,,,,,
,,,,,,,,,,,,,,,
,,,,,,,,,,,,,,,
,,,,,,,,,,,,,,,
,,,,,,,,,,,,,,,
,,,,,,,,,,,,,,,
,,,,,,,,,,,,,,,
,,,,,,,,,,,,,,,
,,,,,,,,,,,,,,,
,,,,,,,,,,,,,,,
,,,,,,,,,,,,,,,
,,,,,,,,,,,,,,,
,,,,,,,,,,,,,,,
,,,,,,,,,,,,,,,
,,,,,,,,,,,,,,,
,,,,,,,,,,,,,,,
,,,,,,,,,,,,,,,
,,,,,,,,,,,,,,,
,,,,,,,,,,,,,,,
,,,,,,,,,,,,,,,
,,,,,,,,,,,,,,,
,,,,,,,,,,,,,,,
,,,,,,,,,,,,,,,
,,,,,,,,,,,,,,,
,,,,,,,,,,,,,,,
,,,,,,,,,,,,,,,
,,,,,,,,,,,,,,,
,,,,,,,,,,,,,,,
,,,,,,,,,,,,,,,
,,,,,,,,,,,,,,,
,,,,,,,,,,,,,,,
,,,,,,,,,,,,,,,
,,,,,,,,,,,,,,,
,,,,,,,,,,,,,,,
,,,,,,,,,,,,,,,
,,,,,,,,,,,,,,,
,,,,,,,,,,,,,,,
,,,,,,,,,,,,,,,
,,,,,,,,,,,,,,,
,,,,,,,,,,,,,,,
,,,,,,,,,,,,,,,
,,,,,,,,,,,,,,,
,,,,,,,,,,,,,,,
,,,,,,,,,,,,,,,
,,,,,,,,,,,,,,,
,,,,,,,,,,,,,,,
,,,,,,,,,,,,,,,
,,,,,,,,,,,,,,,
,,,,,,,,,,,,,,,
,,,,,,,,,,,,,,,
,,,,,,,,,,,,,,,
,,,,,,,,,,,,,,,
,,,,,,,,,,,,,,,
,,,,,,,,,,,,,,,
,,,,,,,,,,,,,,,
,,,,,,,,,,,,,,,
,,,,,,,,,,,,,,,
,,,,,,,,,,,,,,,
,,,,,,,,,,,,,,,
,,,,,,,,,,,,,,,
,,,,,,,,,,,,,,,
,,,,,,,,,,,,,,,
,,,,,,,,,,,,,,,
,,,,,,,,,,,,,,,
,,,,,,,,,,,,,,,
,,,,,,,,,,,,,,,
,,,,,,,,,,,,,,,
,,,,,,,,,,,,,,,
,,,,,,,,,,,,,,,
,,,,,,,,,,,,,,,
,,,,,,,,,,,,,,,
,,,,,,,,,,,,,,,
,,,,,,,,,,,,,,,
,,,,,,,,,,,,,,,
,,,,,,,,,,,,,,,
,,,,,,,,,,,,,,,
,,,,,,,,,,,,,,,
,,,,,,,,,,,,,,,
,,,,,,,,,,,,,,,
,,,,,,,,,,,,,,,
,,,,,,,,,,,,,,,
,,,,,,,,,,,,,,,
,,,,,,,,,,,,,,,
,,,,,,,,,,,,,,,
,,,,,,,,,,,,,,,
,,,,,,,,,,,,,,,
,,,,,,,,,,,,,,,
,,,,,,,,,,,,,,,
,,,,,,,,,,,,,,,
,,,,,,,,,,,,,,,
,,,,,,,,,,,,,,,
,,,,,,,,,,,,,,,
,,,,,,,,,,,,,,,
,,,,,,,,,,,,,,,
,,,,,,,,,,,,,,,
,,,,,,,,,,,,,,,
,,,,,,,,,,,,,,,
,,,,,,,,,,,,,,,
,,,,,,,,,,,,,,,
,,,,,,,,,,,,,,,
,,,,,,,,,,,,,,,
,,,,,,,,,,,,,,,
,,,,,,,,,,,,,,,
,,,,,,,,,,,,,,,
,,,,,,,,,,,,,,,
,,,,,,,,,,,,,,,
,,,,,,,,,,,,,,,
,,,,,,,,,,,,,,,
,,,,,,,,,,,,,,,
,,,,,,,,,,,,,,,
,,,,,,,,,,,,,,,
,,,,,,,,,,,,,,,
,,,,,,,,,,,,,,,
,,,,,,,,,,,,,,,
,,,,,,,,,,,,,,,
,,,,,,,,,,,,,,,
,,,,,,,,,,,,,,,
,,,,,,,,,,,,,,,
,,,,,,,,,,,,,,,
,,,,,,,,,,,,,,,
,,,,,,,,,,,,,,,
,,,,,,,,,,,,,,,
,,,,,,,,,,,,,,,
,,,,,,,,,,,,,,,
,,,,,,,,,,,,,,,
,,,,,,,,,,,,,,,
,,,,,,,,,,,,,,,
,,,,,,,,,,,,,,,
,,,,,,,,,,,,,,,
,,,,,,,,,,,,,,,
,,,,,,,,,,,,,,,
,,,,,,,,,,,,,,,
,,,,,,,,,,,,,,,
,,,,,,,,,,,,,,,
,,,,,,,,,,,,,,,
,,,,,,,,,,,,,,,
,,,,,,,,,,,,,,,
,,,,,,,,,,,,,,,
,,,,,,,,,,,,,,,
,,,,,,,,,,,,,,,
,,,,,,,,,,,,,,,
,,,,,,,,,,,,,,,
,,,,,,,,,,,,,,,
,,,,,,,,,,,,,,,
,,,,,,,,,,,,,,,
,,,,,,,,,,,,,,,
,,,,,,,,,,,,,,,
,,,,,,,,,,,,,,,
,,,,,,,,,,,,,,,
,,,,,,,,,,,,,,,
,,,,,,,,,,,,,,,
,,,,,,,,,,,,,,,
,,,,,,,,,,,,,,,
,,,,,,,,,,,,,,,
,,,,,,,,,,,,,,,
,,,,,,,,,,,,,,,
,,,,,,,,,,,,,,,
,,,,,,,,,,,,,,,
,,,,,,,,,,,,,,,
,,,,,,,,,,,,,,,
,,,,,,,,,,,,,,,
,,,,,,,,,,,,,,,
,,,,,,,,,,,,,,,
,,,,,,,,,,,,,,,
,,,,,,,,,,,,,,,
,,,,,,,,,,,,,,,
,,,,,,,,,,,,,,,
,,,,,,,,,,,,,,,
,,,,,,,,,,,,,,,
,,,,,,,,,,,,,,,
,,,,,,,,,,,,,,,
,,,,,,,,,,,,,,,
,,,,,,,,,,,,,,,
,,,,,,,,,,,,,,,
,,,,,,,,,,,,,,,
,,,,,,,,,,,,,,,
,,,,,,,,,,,,,,,
,,,,,,,,,,,,,,,
,,,,,,,,,,,,,,,
,,,,,,,,,,,,,,,
,,,,,,,,,,,,,,,
,,,,,,,,,,,,,,,
,,FACE_SHIELD,12,12,12,12,12,12,12,12,12,12,,,
,,FW_B_SANDAL,6,6,6,6,6,6,6,6,6,6,,,
,,FW_B_SHOES,6,6,6,6,6,6,6,6,6,6,,,
,,FW_B_SLIPPER,8,8,8,8,8,8,8,8,8,8,,,
,,FW_G_SANDAL,6,6,6,6,6,6,6,6,6,6,,,
,,FW_G_SHOES,6,6,6,6,6,6,6,6,6,6,,,
,,FW_G_SLIPPER,5,5,5,5,5,5,5,5,5,5,,,
,,FW_K_FUR_SLIPPER,6,6,6,6,6,6,6,6,6,6,,,
,,FW_M_BOOT,6,6,6,6,6,6,6,6,6,6,,,
,,FW_M_CANVAS_SHOES,4,4,4,4,4,4,4,4,4,4,,,
,,FW_M_CAS_SANDAL,5,5,5,5,5,5,5,5,5,5,,,
,,FW_M_CAS_SHOES,4,4,4,4,4,4,4,4,4,4,,,
,,FW_M_FORMAL_SHOES,5,5,5,5,5,5,5,5,5,5,,,
,,FW_M_FUR_SLIPPER,6,6,6,6,6,6,6,6,6,6,,,
,,FW_M_SLIPPER,8,8,8,8,8,8,8,8,8,8,,,
,,FW_M_SPRT_SHOES,4,4,4,4,4,4,4,4,4,4,,,
,,FW_W_BALLY,7,7,7,7,7,7,7,7,7,7,,,
,,FW_W_BOOT,6,6,6,6,6,6,6,6,6,6,,,
,,FW_W_CHAPPAL,8,8,8,8,8,8,8,8,8,8,,,
,,FW_W_FUR_SLIPPER,6,6,6,6,6,6,6,6,6,6,,,
,,FW_W_SHOES,5,5,5,5,5,5,5,5,5,5,,,
,,FW_W_SLIPPER,6,6,6,6,6,6,6,6,6,6,,,
,,GLOVES,16,16,16,16,16,16,16,16,16,16,,,
,,GM_SEST_SEDC,3,3,3,3,3,3,3,3,3,3,,,
,,HAND WASH,12,12,12,12,12,12,12,12,12,12,,,
,,HF_APRON,15,15,15,15,15,15,15,15,15,15,,,
,,HF_BABY TOWEL,14,14,14,14,14,14,14,14,14,14,,,
,,HF_BATH TOWEL,18,18,18,18,18,18,18,18,18,18,,,
,,HF_BED SHEET,16,16,16,16,16,16,16,16,16,16,,,
,,HF_COMFORTER,6,6,6,6,6,6,6,6,6,6,,,
,,HF_CURTAIN,18,18,18,18,18,18,18,18,18,18,,,
,,HF_CUSHION COVER,20,20,20,20,20,20,20,20,20,20,,,
,,HF_DURRIE,4,4,4,4,4,4,4,4,4,4,,,
,,HF_FACE TOWEL,22,22,22,22,22,22,22,22,22,22,,,
,,HF_FLC_BLANKET,30,30,30,30,30,30,30,30,30,30,,,
,,HF_HAND TOWEL,16,16,16,16,16,16,16,16,16,16,,,
,,HF_KTN_NAPKIN,30,30,30,30,30,30,30,30,30,30,,,
,,HF_LAUNDRY_BAG,24,24,24,24,24,24,24,24,24,24,,,
,,HF_LOHI,6,6,6,6,6,6,6,6,6,6,,,
,,HF_MNK_BLANKET,6,6,6,6,6,6,6,6,6,6,,,
,,HF_PILLOW,8,8,8,8,8,8,8,8,8,8,,,
,,HF_PILLOW COVER,20,20,20,20,20,20,20,20,20,20,,,
,,HF_RUGS,18,18,18,18,18,18,18,18,18,18,,,
,,HH_A_FRY PAN,12,12,12,12,12,12,12,12,12,12,,,
,,HH_A_KADAHI,9,9,9,9,9,9,9,9,9,9,,,
,,HH_ART PLANTS,24,24,24,24,24,24,24,24,24,24,,,
,,HH_BC_MILK MUG,12,12,12,12,12,12,12,12,12,12,,,
,,HH_BICYCLE LOCKS,16,16,16,16,16,16,16,16,16,16,,,
,,HH_BLENDER,12,12,12,12,12,12,12,12,12,12,,,
,,HH_BROOM,9,9,9,9,9,9,9,9,9,9,,,
,,HH_BUTTER_PAPER,24,24,24,24,24,24,24,24,24,24,,,
,,HH_C_PO_COFFEE SET,16,16,16,16,16,16,16,16,16,16,,,
,,HH_CA_CARPET BRUSH,16,16,16,16,16,16,16,16,16,16,,,
,,HH_CHOPPER,12,12,12,12,12,12,12,12,12,12,,,
,,HH_CHPPING BRD,20,20,20,20,20,20,20,20,20,20,,,
,,HH_CPR_BOTTLE,8,8,8,8,8,8,8,8,8,8,,,
,,HH_DETERGENT,32,32,32,32,32,32,32,32,32,32,,,
,,HH_DUSTER,18,18,18,18,18,18,18,18,18,18,,,
,,HH_EGG BEATER,22,22,22,22,22,22,22,22,22,22,,,
,,HH_ELECTRIC KETTLE,4,4,4,4,4,4,4,4,4,4,,,
,,HH_EXT_BOARD,20,20,20,20,20,20,20,20,20,20,,,
,,HH_FLOOR CLEANER,30,30,30,30,30,30,30,30,30,30,,,
,,HH_FLOOR MOP,10,10,10,10,10,10,10,10,10,10,,,
,,HH_FLOOR WIPER,16,16,16,16,16,16,16,16,16,16,,,
,,HH_FOIL_PAPER,24,24,24,24,24,24,24,24,24,24,,,
,,HH_GAS LIGHTER,14,14,14,14,14,14,14,14,14,14,,,
,,HH_GINGER MASHER,24,24,24,24,24,24,24,24,24,24,,,
,,HH_GLASS CLEANER,30,30,30,30,30,30,30,30,30,30,,,
,,HH_GRATER,20,20,20,20,20,20,20,20,20,20,,,
,,HH_INDCTION_COOK TOP,4,4,4,4,4,4,4,4,4,4,,,
,,HH_IRON,16,16,16,16,16,16,16,16,16,16,,,
,,HH_JCR_MIX_GRINDER,2,2,2,2,2,2,2,2,2,2,,,
,,HH_KA_BELAN,12,12,12,12,12,12,12,12,12,12,,,
,,HH_KA_CHAKLA,12,12,12,12,12,12,12,12,12,12,,,
,,HH_KIDS_BOTTLE,20,20,20,20,20,20,20,20,20,20,,,
,,HH_KITCHEN WIPER,12,12,12,12,12,12,12,12,12,12,,,
,,HH_KNIFE,14,14,14,14,14,14,14,14,14,14,,,
,,HH_LED BULB,28,28,28,28,28,28,28,28,28,28,,,
,,HH_LEMON_SQUEEZER,24,24,24,24,24,24,24,24,24,24,,,
,,HH_LOOFA,24,24,24,24,24,24,24,24,24,24,,,
,,HH_M_BABY PLATE,40,40,40,40,40,40,40,40,40,40,,,
,,HH_M_FULL PLATE,40,40,40,40,40,40,40,40,40,40,,,
,,HH_M_HALF PLATE,40,40,40,40,40,40,40,40,40,40,,,
,,HH_M_SRVG TRAY,40,40,40,40,40,40,40,40,40,40,,,
,,HH_M_VEG BOWL,80,80,80,80,80,80,80,80,80,80,,,
,,HH_MIXER_GRINDER,3,3,3,3,3,3,3,3,3,3,,,
,,HH_MOISQUITO_TRAP,15,15,15,15,15,15,15,15,15,15,,,
,,HH_N_FRY PAN,14,14,14,14,14,14,14,14,14,14,,,
,,HH_N_KADAHI,12,12,12,12,12,12,12,12,12,12,,,
,,HH_N_SAUCE PAN,7,7,7,7,7,7,7,7,7,7,,,
,,HH_N_TAVA,14,14,14,14,14,14,14,14,14,14,,,
,,HH_NET_COVER,26,26,26,26,26,26,26,26,26,26,,,
,,HH_P_BABY CHAIR,6,6,6,6,6,6,6,6,6,6,,,
,,HH_P_BABY POTTY_SEAT,4,4,4,4,4,4,4,4,4,4,,,
,,HH_P_BASKET,15,15,15,15,15,15,15,15,15,15,,,
,,HH_P_BATH MUG,48,48,48,48,48,48,48,48,48,48,,,
,,HH_P_BATH STOOL,24,24,24,24,24,24,24,24,24,24,,,
,,HH_P_BUCKET,18,18,18,18,18,18,18,18,18,18,,,
,,HH_P_CLOTH CLIP,48,48,48,48,48,48,48,48,48,48,,,
,,HH_P_CONTAINER,12,12,12,12,12,12,12,12,12,12,,,
,,HH_P_CUT STAND,21,21,21,21,21,21,21,21,21,21,,,
,,HH_P_CYLDR TROLEY,24,24,24,24,24,24,24,24,24,24,,,
,,HH_P_DUSTPAN,10,10,10,10,10,10,10,10,10,10,,,
,,HH_P_FRIDGE BTL,24,24,24,24,24,24,24,24,24,24,,,
,,HH_P_HANGER,5,5,5,5,5,5,5,5,5,5,,,
,,HH_P_HOOK,24,24,24,24,24,24,24,24,24,24,,,
,,HH_P_ICE TRAY,24,24,24,24,24,24,24,24,24,24,,,
,,HH_P_LUNCH BOX,16,16,16,16,16,16,16,16,16,16,,,
,,HH_P_LUNCH_BAG,8,8,8,8,8,8,8,8,8,8,,,
,,HH_P_MASALA BOX,8,8,8,8,8,8,8,8,8,8,,,
,,HH_P_MILK MUG,36,36,36,36,36,36,36,36,36,36,,,
,,HH_P_ROPE,40,40,40,40,40,40,40,40,40,40,,,
,,HH_P_SERV BOWL,15,15,15,15,15,15,15,15,15,15,,,
,,HH_P_SIPPER,33,33,33,33,33,33,33,33,33,33,,,
,,HH_P_SOAP DISH,24,24,24,24,24,24,24,24,24,24,,,
,,HH_P_STOOL,6,6,6,6,6,6,6,6,6,6,,,
,,HH_P_TUB,16,16,16,16,16,16,16,16,16,16,,,
,,HH_PO_GLASS SET,16,16,16,16,16,16,16,16,16,16,,,
,,HH_PO_MILK MUG,12,12,12,12,12,12,12,12,12,12,,,
,,HH_ROASTING NET,25,25,25,25,25,25,25,25,25,25,,,
,,HH_S_CLOTH CLIP,36,36,36,36,36,36,36,36,36,36,,,
,,HH_S_COOKER,4,4,4,4,4,4,4,4,4,4,,,
,,HH_S_FORK,28,28,28,28,28,28,28,28,28,28,,,
,,HH_S_HANDI,12,12,12,12,12,12,12,12,12,12,,,
,,HH_S_KADAHI,8,8,8,8,8,8,8,8,8,8,,,
,,HH_S_LUNCH BOX,15,15,15,15,15,15,15,15,15,15,,,
,,HH_S_PATILA,18,18,18,18,18,18,18,18,18,18,,,
,,HH_S_SAUCE PAN,7,7,7,7,7,7,7,7,7,7,,,
,,HH_S_SPOON,36,36,36,36,36,36,36,36,36,36,,,
,,HH_S_TRIVET,25,25,25,25,25,25,25,25,25,25,,,
,,HH_SCRUBBER,24,24,24,24,24,24,24,24,24,24,,,
,,HH_SERV SPOON,34,34,34,34,34,34,34,34,34,34,,,
,,HH_SPETULA,18,18,18,18,18,18,18,18,18,18,,,
,,HH_SPRT_BOTTLE,12,12,12,12,12,12,12,12,12,12,,,
,,HH_STL_CONTAINER,24,24,24,24,24,24,24,24,24,24,,,
,,HH_STL_CUP,32,32,32,32,32,32,32,32,32,32,,,
,,HH_STL_GLASS,48,48,48,48,48,48,48,48,48,48,,,
,,HH_STL_MASHER,12,12,12,12,12,12,12,12,12,12,,,
,,HH_STL_PARAAT,20,20,20,20,20,20,20,20,20,20,,,
,,HH_STL_PLATE,24,24,24,24,24,24,24,24,24,24,,,
,,HH_STL_SERVING BOWL,48,48,48,48,48,48,48,48,48,48,,,
,,HH_STRAINER,30,30,30,30,30,30,30,30,30,30,,,
,,HH_T_MUG,12,12,12,12,12,12,12,12,12,12,,,
,,HH_TABLE_MAT,20,20,20,20,20,20,20,20,20,20,,,
,,HH_TADKA PAN,11,11,11,11,11,11,11,11,11,11,,,
,,HH_THM_BOTTLE,8,8,8,8,8,8,8,8,8,8,,,
,,HH_TOILET BRUSH,14,14,14,14,14,14,14,14,14,14,,,
,,HH_TOILET CLEANER,40,40,40,40,40,40,40,40,40,40,,,
,,HH_TONG,30,30,30,30,30,30,30,30,30,30,,,
,,HH_WDN_BLENDER,24,24,24,24,24,24,24,24,24,24,,,
,,HH_ZARA,32,32,32,32,32,32,32,32,32,32,,,
,,IB_BERMUDA,9,9,9,9,9,9,9,9,9,9,,,
,,IB_DNGR_SUIT,9,9,9,9,9,9,9,9,9,9,,,
,,IB_DNGR_SUIT_FS,13,13,13,13,13,13,13,13,13,13,,,
,,IB_HALF_PANT,9,9,9,9,9,9,9,9,9,9,,,
,,IB_JAMAICAN,9,9,9,9,9,9,9,9,9,9,,,
,,IB_JEANS,8,8,8,8,8,8,8,8,8,8,,,
,,IB_KURTA_ST,9,9,9,9,9,9,9,9,9,9,,,
,,IB_N_SUIT_FS,11,11,11,11,11,11,11,11,11,11,,,
,,IB_N_SUIT_HS,8,8,8,8,8,8,8,8,8,8,,,
,,IB_PYJAMA,9,9,9,9,9,9,9,9,9,9,,,
,,IB_SHIRT_FS,12,12,12,12,12,12,12,12,12,12,,,
,,IB_SHIRT_HS,12,12,12,12,12,12,12,12,12,12,,,
,,IB_T_SHIRT_FS,12,12,12,12,12,12,12,12,12,12,,,
,,IB_T_SHIRT_HS,11,11,11,11,11,11,11,11,11,11,,,
,,IB_TRSR,10,10,10,10,10,10,10,10,10,10,,,
,,IB_VEST,10,10,10,10,10,10,10,10,10,10,,,
,,IBW_JKT_FS,7,7,7,7,7,7,7,7,7,7,,,
,,IG_DNGR_SUIT,8,8,8,8,8,8,8,8,8,8,,,
,,IG_FNC_FROCK,8,8,8,8,8,8,8,8,8,8,,,
,,IG_FROCK,10,10,10,10,10,10,10,10,10,10,,,
,,IG_FROCK_FS,19,19,19,19,19,19,19,19,19,19,,,
,,IG_HOT_PANT,8,8,8,8,8,8,8,8,8,8,,,
,,IG_HOT_PANT_ST,9,9,9,9,9,9,9,9,9,9,,,
,,IG_N_SUIT_FS,11,11,11,11,11,11,11,11,11,11,,,
,,IG_N_SUIT_HS,8,8,8,8,8,8,8,8,8,8,,,
,,IG_PYJAMA,9,9,9,9,9,9,9,9,9,9,,,
,,IG_SKRT,8,8,8,8,8,8,8,8,8,8,,,
,,IG_SLIPS,12,12,12,12,12,12,12,12,12,12,,,
,,IG_ST,9,9,9,9,9,9,9,9,9,9,,,
,,IG_ST_FS,9,9,9,9,9,9,9,9,9,9,,,
,,IG_TOP_FS,11,11,11,11,11,11,11,11,11,11,,,
,,IG_TOP_HS,11,11,11,11,11,11,11,11,11,11,,,
,,IG_TRSR,12,12,12,12,12,12,12,12,12,12,,,
,,IGW_JKT_FS,7,7,7,7,7,7,7,7,7,7,,,
,,JB_B_SUIT_SL,8,8,8,8,8,8,8,8,8,8,,,
,,JB_B_SUIT_ST_FS,7,7,7,7,7,7,7,7,7,7,,,
,,JB_B_SUIT_ST_HS,7,7,7,7,7,7,7,7,7,7,,,
,,JB_BRIEF,8,8,8,8,8,8,8,8,8,8,,,
,,JB_CO_ORD_ST,8,8,8,8,8,8,8,8,8,8,,,
,,JB_CO_ORD_ST_FS,8,8,8,8,8,8,8,8,8,8,,,
,,JB_D_JOGGER,7,7,7,7,7,7,7,7,7,7,,,
,,JB_H_B_SUIT_FS,7,7,7,7,7,7,7,7,7,7,,,
,,JB_H_B_SUIT_HS,7,7,7,7,7,7,7,7,7,7,,,
,,JB_H_BERMUDA,9,9,9,9,9,9,9,9,9,9,,,
,,JB_H_JAMAICAN,9,9,9,9,9,9,9,9,9,9,,,
,,JB_H_PYJAMA,9,9,9,9,9,9,9,9,9,9,,,
,,JB_JEANS,8,8,8,8,8,8,8,8,8,8,,,
,,JB_KURTA_ST,8,8,8,8,8,8,8,8,8,8,,,
,,JB_MODI_JACKET,12,12,12,12,12,12,12,12,12,12,,,
,,JB_N_SUIT_FS,10,10,10,10,10,10,10,10,10,10,,,
,,JB_N_SUIT_HS,12,12,12,12,12,12,12,12,12,12,,,
,,JB_PW_BLAZER,8,8,8,8,8,8,8,8,8,8,,,
,,JB_SHIRT_FS,11,11,11,11,11,11,11,11,11,11,,,
,,JB_SHIRT_HS,11,11,11,11,11,11,11,11,11,11,,,
,,JB_SUIT,8,8,8,8,8,8,8,8,8,8,,,
,,JB_T_B_SUIT_FS,7,7,7,7,7,7,7,7,7,7,,,
,,JB_T_B_SUIT_HS,7,7,7,7,7,7,7,7,7,7,,,
,,JB_T_BERMUDA,9,9,9,9,9,9,9,9,9,9,,,
,,JB_T_JAMAICAN,9,9,9,9,9,9,9,9,9,9,,,
,,JB_T_PYJAMA,9,9,9,9,9,9,9,9,9,9,,,
,,JB_T_SHIRT_FS,11,11,11,11,11,11,11,11,11,11,,,
,,JB_T_SHIRT_PN_HS,11,11,11,11,11,11,11,11,11,11,,,
,,JB_TEES_HS,11,11,11,11,11,11,11,11,11,11,,,
,,JB_TEES_SL,11,11,11,11,11,11,11,11,11,11,,,
,,JB_TRSR,9,9,9,9,9,9,9,9,9,9,,,
,,JB_VEST,10,10,10,10,10,10,10,10,10,10,,,
,,JBW_JKT_FS,7,7,7,7,7,7,7,7,7,7,,,
,,JBW_JKT_SL,7,7,7,7,7,7,7,7,7,7,,,
,,JBW_PYJAMA,7,7,7,7,7,7,7,7,7,7,,,
,,JBW_SWEATER_FS,7,7,7,7,7,7,7,7,7,7,,,
,,JBW_SWEATER_SL,7,7,7,7,7,7,7,7,7,7,,,
,,JBW_T_SHIRT_FS,9,9,9,9,9,9,9,9,9,9,,,
,,JBW_T_SUIT,10,10,10,10,10,10,10,10,10,10,,,
,,JBW_THRM_W,8,8,8,8,8,8,8,8,8,8,,,
,,JG_BLOOMER,9,9,9,9,9,9,9,9,9,9,,,
,,JG_CO_ORD_ST,9,9,9,9,9,9,9,9,9,9,,,
,,JG_CO_ORD_ST_FS,8,8,8,8,8,8,8,8,8,8,,,
,,JG_D_HOT_PANT,9,9,9,9,9,9,9,9,9,9,,,
,,JG_D_JOGGER,8,8,8,8,8,8,8,8,8,8,,,
,,JG_DUNGRE,12,12,12,12,12,12,12,12,12,12,,,
,,JG_H_CAPRI,9,9,9,9,9,9,9,9,9,9,,,
,,JG_H_FROCK,10,10,10,10,10,10,10,10,10,10,,,
,,JG_H_HOT_PANT,9,9,9,9,9,9,9,9,9,9,,,
,,JG_H_M_FROCK_HS,10,10,10,10,10,10,10,10,10,10,,,
,,JG_H_NIGHTY,10,10,10,10,10,10,10,10,10,10,,,
,,JG_H_PYJAMA,9,9,9,9,9,9,9,9,9,9,,,
,,JG_H_SKRT,8,8,8,8,8,8,8,8,8,8,,,
,,JG_H_TOP_FS,11,11,11,11,11,11,11,11,11,11,,,
,,JG_H_TOP_HS,11,11,11,11,11,11,11,11,11,11,,,
,,JG_HAREMS,8,8,8,8,8,8,8,8,8,8,,,
,,JG_HOT_PANT_ST,9,9,9,9,9,9,9,9,9,9,,,
,,JG_JEANS,8,8,8,8,8,8,8,8,8,8,,,
,,JG_JEGGINGS,12,12,12,12,12,12,12,12,12,12,,,
,,JG_KURTI_FS,14,14,14,14,14,14,14,14,14,14,,,
,,JG_KURTI_HS,9,9,9,9,9,9,9,9,9,9,,,
,,JG_LEGGING,9,9,9,9,9,9,9,9,9,9,,,
,,JG_N_SUIT_FS,12,12,12,12,12,12,12,12,12,12,,,
,,JG_N_SUIT_HS,7,7,7,7,7,7,7,7,7,7,,,
,,JG_PANTY,8,8,8,8,8,8,8,8,8,8,,,
,,JG_PLAZO,7,7,7,7,7,7,7,7,7,7,,,
,,JG_PW_FROCK,7,7,7,7,7,7,7,7,7,7,,,
,,JG_SKRT_TOP_ST,9,9,9,9,9,9,9,9,9,9,,,
,,JG_SLIPS,13,13,13,13,13,13,13,13,13,13,,,
,,JG_ST,9,9,9,9,9,9,9,9,9,9,,,
,,JG_ST_FS,9,9,9,9,9,9,9,9,9,9,,,
,,JG_T_CAPRI,9,9,9,9,9,9,9,9,9,9,,,
,,JG_T_FROCK,9,9,9,9,9,9,9,9,9,9,,,
,,JG_T_HOT_PANT,9,9,9,9,9,9,9,9,9,9,,,
,,JG_T_M_FROCK_HS,10,10,10,10,10,10,10,10,10,10,,,
,,JG_T_NIGHTY,10,10,10,10,10,10,10,10,10,10,,,
,,JG_T_PYJAMA,9,9,9,9,9,9,9,9,9,9,,,
,,JG_T_SKRT,8,8,8,8,8,8,8,8,8,8,,,
,,JG_T_TOP_FS,11,11,11,11,11,11,11,11,11,11,,,
,,JG_T_TOP_HS,11,11,11,11,11,11,11,11,11,11,,,
,,JGW_BLAZER,10,10,10,10,10,10,10,10,10,10,,,
,,JGW_FLC_TOP,8,8,8,8,8,8,8,8,8,8,,,
,,JGW_JKT_FS,8,8,8,8,8,8,8,8,8,8,,,
,,JGW_JKT_SL,8,8,8,8,8,8,8,8,8,8,,,
,,JGW_LEGGING,8,8,8,8,8,8,8,8,8,8,,,
,,JGW_PYJAMA,7,7,7,7,7,7,7,7,7,7,,,
,,JGW_SKEEVY,11,11,11,11,11,11,11,11,11,11,,,
,,JGW_ST,12,12,12,12,12,12,12,12,12,12,,,
,,JGW_SWEATER_FS,7,7,7,7,7,7,7,7,7,7,,,
,,JGW_SWEATER_SL,7,7,7,7,7,7,7,7,7,7,,,
,,JGW_THRM_W,11,11,11,11,11,11,11,11,11,11,,,
,,JGW_TOP,10,10,10,10,10,10,10,10,10,10,,,
,,JGW_W_PONCHO,8,8,8,8,8,8,8,8,8,8,,,
,,KB_END_PALLA,10,10,10,10,10,10,10,10,10,10,,,
,,KBW_CAP,10,10,10,10,10,10,10,10,10,10,,,
,,KBW_GLOVES,7,7,7,7,7,7,7,7,7,7,,,
,,KG_END_PALLA,8,8,8,8,8,8,8,8,8,8,,,
,,KGW_CAP,7,7,7,7,7,7,7,7,7,7,,,
,,KGW_GLOVES,7,7,7,7,7,7,7,7,7,7,,,
,,KI_ACC,12,12,12,12,12,12,12,12,12,12,,,
,,KI_B_SUIT_SL,8,8,8,8,8,8,8,8,8,8,,,
,,KI_B_SUIT_ST_HS,8,8,8,8,8,8,8,8,8,8,,,
,,KI_BLOOMER,9,9,9,9,9,9,9,9,9,9,,,
,,KI_BOOTY,7,7,7,7,7,7,7,7,7,7,,,
,,KI_CO_ORD_SET,7,7,7,7,7,7,7,7,7,7,,,
,,KI_END_PALLA,10,10,10,10,10,10,10,10,10,10,,,
,,KI_GIFT_ST,8,8,8,8,8,8,8,8,8,8,,,
,,KI_GIFT_ST_FS,8,8,8,8,8,8,8,8,8,8,,,
,,KI_H_B_SUIT_FS,11,11,11,11,11,11,11,11,11,11,,,
,,KI_H_B_SUIT_HS,8,8,8,8,8,8,8,8,8,8,,,
,,KI_MOSQUITO_NET,6,6,6,6,6,6,6,6,6,6,,,
,,KI_PILLOW,10,10,10,10,10,10,10,10,10,10,,,
,,KI_SKRT_TOP_ST,9,9,9,9,9,9,9,9,9,9,,,
,,KI_T_B_SUIT_FS,10,10,10,10,10,10,10,10,10,10,,,
,,KI_T_B_SUIT_HS,8,8,8,8,8,8,8,8,8,8,,,
,,KIDS_MIX,6,6,6,6,6,6,6,6,6,6,,,
,,KIW_B_SUIT,12,12,12,12,12,12,12,12,12,12,,,
,,KIW_BLANKET,12,12,12,12,12,12,12,12,12,12,,,
,,KIW_BOOTY,6,6,6,6,6,6,6,6,6,6,,,
,,KIW_CAP,7,7,7,7,7,7,7,7,7,7,,,
,,KIW_GIFT_ST,8,8,8,8,8,8,8,8,8,8,,,
,,KIW_GLOVES,7,7,7,7,7,7,7,7,7,7,,,
,,KIW_JKT_SL,8,8,8,8,8,8,8,8,8,8,,,
,,KIW_PYJAMA,7,7,7,7,7,7,7,7,7,7,,,
,,KIW_SLEEP_BAG_SL,8,8,8,8,8,8,8,8,8,8,,,
,,KIW_ST,8,8,8,8,8,8,8,8,8,8,,,
,,KIW_SWEATER,9,9,9,9,9,9,9,9,9,9,,,
,,KIW_T_SHIRT,7,7,7,7,7,7,7,7,7,7,,,
,,KIW_THRM_W,8,8,8,8,8,8,8,8,8,8,,,
,,KIW_TOP,8,8,8,8,8,8,8,8,8,8,,,
,,L_AS_SAREE,12,12,12,12,12,12,12,12,12,12,,,
,,L_ATHLEISURE_LOWER,18,18,18,18,18,18,18,18,18,18,,,
,,L_ATHLEISURE_SET,22,22,22,22,22,22,22,22,22,22,,,
,,L_ATHLEISURE_UPPER,22,22,22,22,22,22,22,22,22,22,,,
,,L_BACK PACK,6,6,6,6,6,6,6,6,6,6,,,
,,L_BLAZER,14,14,14,14,14,14,14,14,14,14,,,
,,L_BR_NIGHTY,24,24,24,24,24,24,24,24,24,24,,,
,,L_BRA,18,18,18,18,18,18,18,18,18,18,,,
,,L_C_SAREE,16,16,16,16,16,16,16,16,16,16,,,
,,L_CARGO,12,12,12,12,12,12,12,12,12,12,,,
,,L_CIG_PANT,18,18,18,18,18,18,18,18,18,18,,,
,,L_CO-ORD_SET,12,12,12,12,12,12,12,12,12,12,,,
,,L_CULOTTES,18,18,18,18,18,18,18,18,18,18,,,
,,L_DRS_FAB,15,15,15,15,15,15,15,15,15,15,,,
,,L_DUFFLE,1,1,1,1,1,1,1,1,1,1,,,
,,L_DUFFLE_TROLEY,1,1,1,1,1,1,1,1,1,1,,,
,,L_DUNGREE,18,18,18,18,18,18,18,18,18,18,,,
,,L_DUPATTA,20,20,20,20,20,20,20,20,20,20,,,
,,L_GYM BAG,3,3,3,3,3,3,3,3,3,3,,,
,,L_H_CAPRI,18,18,18,18,18,18,18,18,18,18,,,
,,L_H_HOT_PANT,18,18,18,18,18,18,18,18,18,18,,,
,,L_H_M_FRK_FS,20,20,20,20,20,20,20,20,20,20,,,
,,L_H_M_FRK_HS,20,20,20,20,20,20,20,20,20,20,,,
,,L_H_NIGHTY,15,15,15,15,15,15,15,15,15,15,,,
,,L_H_PYJAMA,16,16,16,16,16,16,16,16,16,16,,,
,,L_H_TOP_FS,22,22,22,22,22,22,22,22,22,22,,,
,,L_H_TOP_HS,22,22,22,22,22,22,22,22,22,22,,,
,,L_HAREMS,18,18,18,18,18,18,18,18,18,18,,,
,,L_JEANS,12,12,12,12,12,12,12,12,12,12,,,
,,L_JEGGING,14,14,14,14,14,14,14,14,14,14,,,
,,L_D_JOGGER,12,12,12,12,12,12,12,12,12,12,,,
,,L_JUMP_SUIT,16,16,16,16,16,16,16,16,16,16,,,
,,L_KURTI_FS,22,22,22,22,22,22,22,22,22,22,,,
,,L_KURTI_HS,22,22,22,22,22,22,22,22,22,22,,,
,,L_KURTI_ST,16,16,16,16,16,16,16,16,16,16,,,
,,L_LEGGING,16,16,16,16,16,16,16,16,16,16,,,
,,L_LEHANGA,6,6,6,6,6,6,6,6,6,6,,,
,,L_MATERNITY,15,15,15,15,15,15,15,15,15,15,,,
,,L_N_SUIT,16,16,16,16,16,16,16,16,16,16,,,
,,L_PANTY,16,16,16,16,16,16,16,16,16,16,,,
,,L_PLAZO,18,18,18,18,18,18,18,18,18,18,,,
,,L_SANDO,26,26,26,26,26,26,26,26,26,26,,,
,,L_SCARF,20,20,20,20,20,20,20,20,20,20,,,
,,L_SCHOOL BAG,6,6,6,6,6,6,6,6,6,6,,,
,,L_SHIRTS,20,20,20,20,20,20,20,20,20,20,,,
,,L_SHOPPING_BAG,6,6,6,6,6,6,6,6,6,6,,,
,,L_SKIRT,14,14,14,14,14,14,14,14,14,14,,,
,,L_SLIPS,24,24,24,24,24,24,24,24,24,24,,,
,,L_SPRT_BRA,18,18,18,18,18,18,18,18,18,18,,,
,,L_SYN_SAREE,12,12,12,12,12,12,12,12,12,12,,,
,,L_T_CAPRI,18,18,18,18,18,18,18,18,18,18,,,
,,L_T_HOT_PANT,18,18,18,18,18,18,18,18,18,18,,,
,,L_T_M_FRK_FS,20,20,20,20,20,20,20,20,20,20,,,
,,L_T_M_FRK_HS,20,20,20,20,20,20,20,20,20,20,,,
,,L_T_NIGHTY,15,15,15,15,15,15,15,15,15,15,,,
,,L_T_PYJAMA,18,18,18,18,18,18,18,18,18,18,,,
,,L_T_TOP_FS,22,22,22,22,22,22,22,22,22,22,,,
,,L_T_TOP_HS,20,20,20,20,20,20,20,20,20,20,,,
,,L_TANT_SAREE,16,16,16,16,16,16,16,16,16,16,,,
,,L_TEEN_AGE_BRA,18,18,18,18,18,18,18,18,18,18,,,
,,L_TRACKING_BAG,5,5,5,5,5,5,5,5,5,5,,,
,,L_UPRIGHT,1,1,1,1,1,1,1,1,1,1,,,
,,LADIES_MIX,6,6,6,6,6,6,6,6,6,6,,,
,,LS_ EAR_COVER_BAND,14,14,14,14,14,14,14,14,14,14,,,
,,LS_ANKLETS,22,22,22,22,22,22,22,22,22,22,,,
,,LS_BABY_WIPES,10,10,10,10,10,10,10,10,10,10,,,
,,LS_BINDI,20,20,20,20,20,20,20,20,20,20,,,
,,LS_BODY LOTION,10,10,10,10,10,10,10,10,10,10,,,
,,LS_BRACELET,22,22,22,22,22,22,22,22,22,22,,,
,,LS_CREAMS & LOTION,18,18,18,18,18,18,18,18,18,18,,,
,,LS_EAR BUDS,24,24,24,24,24,24,24,24,24,24,,,
,,LS_EAR TOP RINGS,18,18,18,18,18,18,18,18,18,18,,,
,,LS_EYEBROW PLUKER,30,30,30,30,30,30,30,30,30,30,,,
,,LS_EYELASH,15,15,15,15,15,15,15,15,15,15,,,
,,LS_EYES LINER,18,18,18,18,18,18,18,18,18,18,,,
,,LS_EYESHADOW,16,16,16,16,16,16,16,16,16,16,,,
,,LS_F_AIR FRSHENR,16,16,16,16,16,16,16,16,16,16,,,
,,LS_F_ROOM FRSHENR,15,15,15,15,15,15,15,15,15,15,,,
,,LS_FA_LIQ_POLISH,18,18,18,18,18,18,18,18,18,18,,,
,,LS_FA_SHINE_SPONGE,24,24,24,24,24,24,24,24,24,24,,,
,,LS_FA_SHOE_BRUSH,24,24,24,24,24,24,24,24,24,24,,,
,,LS_FA_SHOE_WX_POLISH,24,24,24,24,24,24,24,24,24,24,,,
,,LS_FACE CARE,14,14,14,14,14,14,14,14,14,14,,,
,,LS_FACE MASK,14,14,14,14,14,14,14,14,14,14,,,
,,LS_FACE SCRUB,12,12,12,12,12,12,12,12,12,12,,,
,,LS_FACE SERUM,8,8,8,8,8,8,8,8,8,8,,,
,,LS_FACE WASH,15,15,15,15,15,15,15,15,15,15,,,
,,LS_FACE WIPES,12,12,12,12,12,12,12,12,12,12,,,
,,LS_FACE_COTTON,14,14,14,14,14,14,14,14,14,14,,,
,,LS_FOUDATION,11,11,11,11,11,11,11,11,11,11,,,
,,LS_HAIR REMOVER CREAM,14,14,14,14,14,14,14,14,14,14,,,
,,LS_HAIR SHAMPOO,15,15,15,15,15,15,15,15,15,15,,,
,,LS_HAIR_ACCESSORIES,22,22,22,22,22,22,22,22,22,22,,,
,,LS_HIGHLIGHTER,14,14,14,14,14,14,14,14,14,14,,,
,,LS_JHUMKA EARRINGS,14,14,14,14,14,14,14,14,14,14,,,
,,LS_K SNGLS,8,8,8,8,8,8,8,8,8,8,,,
,,LS_K_CAP,8,8,8,8,8,8,8,8,8,8,,,
,,LS_K_INF_SOCKS,14,14,14,14,14,14,14,14,14,14,,,
,,LS_K_KIDS  SOCKS,14,14,14,14,14,14,14,14,14,14,,,
,,LS_K_SOFT POUCHES,15,15,15,15,15,15,15,15,15,15,,,
,,LS_K_TOOTH BRUSH,16,16,16,16,16,16,16,16,16,16,,,
,,LS_K_UMBRELLA,7,7,7,7,7,7,7,7,7,7,,,
,,LS_KAJAL,30,30,30,30,30,30,30,30,30,30,,,
,,LS_KEY RING,20,20,20,20,20,20,20,20,20,20,,,
,,LS_L_RAZOR,12,12,12,12,12,12,12,12,12,12,,,
,,LS_LD_COSMETICS,16,16,16,16,16,16,16,16,16,16,,,
,,LS_LINER,16,16,16,16,16,16,16,16,16,16,,,
,,LS_LIPSTICK,12,12,12,12,12,12,12,12,12,12,,,
,,LS_M_BELT,24,24,24,24,24,24,24,24,24,24,,,
,,LS_M_CAP,8,8,8,8,8,8,8,8,8,8,,,
,,LS_M_DEO,18,18,18,18,18,18,18,18,18,18,,,
,,LS_W_DEO,18,18,18,18,18,18,18,18,18,18,,,
,,LS_M_HANDKERCHIEF,36,36,36,36,36,36,36,36,36,36,,,
,,LS_M_PLAYING_CARDS,70,70,70,70,70,70,70,70,70,70,,,
,,LS_M_RAZOR,12,12,12,12,12,12,12,12,12,12,,,
,,LS_M_SNGLS,8,8,8,8,8,8,8,8,8,8,,,
,,LS_M_SOCKS,28,28,28,28,28,28,28,28,28,28,,,
,,LS_M_UMBRELLA,7,7,7,7,7,7,7,7,7,7,,,
,,LS_M_WALLET,6,6,6,6,6,6,6,6,6,6,,,
,,LS_M_WATCH,12,12,12,12,12,12,12,12,12,12,,,
,,LS_M_WNTR_SOCKS,13,13,13,13,13,13,13,13,13,13,,,
,,LS_MAKEUP BRUSH,20,20,20,20,20,20,20,20,20,20,,,
,,LS_MAKEUP REMOVER,12,12,12,12,12,12,12,12,12,12,,,
,,LS_MASCARA,12,12,12,12,12,12,12,12,12,12,,,
,,LS_MASKARA,12,12,12,12,12,12,12,12,12,12,,,
,,LS_NAIL_FILER,20,20,20,20,20,20,20,20,20,20,,,
,,LS_NAIL_PAINT,14,14,14,14,14,14,14,14,14,14,,,
,,LS_NAIL_PAINT_ REMOVER,11,11,11,11,11,11,11,11,11,11,,,
,,LS_NECK_REST,6,6,6,6,6,6,6,6,6,6,,,
,,LS_NECKLACE SET,22,22,22,22,22,22,22,22,22,22,,,
,,LS_PAPER_SOAP,50,50,50,50,50,50,50,50,50,50,,,
,,LS_PC_DIAPERS,16,16,16,16,16,16,16,16,16,16,,,
,,LS_PRIMER,8,8,8,8,8,8,8,8,8,8,,,
,,LS_ROSE WATER,14,14,14,14,14,14,14,14,14,14,,,
,,LS_SANITARY_PAD,48,48,48,48,48,48,48,48,48,48,,,
,,LS_SCISSOR,20,20,20,20,20,20,20,20,20,20,,,
,,LS_SHAVING_FOAM,8,8,8,8,8,8,8,8,8,8,,,
,,LS_SHOWER GEL,15,15,15,15,15,15,15,15,15,15,,,
,,LS_SINDOOR,12,12,12,12,12,12,12,12,12,12,,,
,,LS_SUNGLASS_CASE,12,12,12,12,12,12,12,12,12,12,,,
,,LS_TOOTH BRUSH,10,10,10,10,10,10,10,10,10,10,,,
,,LS_TOOTH PICK,20,20,20,20,20,20,20,20,20,20,,,
,,LS_W UMBRELLA,7,7,7,7,7,7,7,7,7,7,,,
,,LS_W_BELT,28,28,28,28,28,28,28,28,28,28,,,
,,LS_W_COMB,24,24,24,24,24,24,24,24,24,24,,,
,,LS_W_MIRROR,8,8,8,8,8,8,8,8,8,8,,,
,,LS_W_NAIL_CUTTER,16,16,16,16,16,16,16,16,16,16,,,
,,LS_W_PERFUME,18,18,18,18,18,18,18,18,18,18,,,
,,LS_W_PURSE,6,6,6,6,6,6,6,6,6,6,,,
,,LS_W_SNGLS,8,8,8,8,8,8,8,8,8,8,,,
,,LS_W_SOCKS,16,16,16,16,16,16,16,16,16,16,,,
,,LS_W_WALLET,16,16,16,16,16,16,16,16,16,16,,,
,,LS_W_WATCH,12,12,12,12,12,12,12,12,12,12,,,
,,LS_W_WNTR_SOCK,14,14,14,14,14,14,14,14,14,14,,,
,,LW_BLAZER,12,12,12,12,12,12,12,12,12,12,,,
,,LW_CAP,16,16,16,16,16,16,16,16,16,16,,,
,,LW_CO_ORD_SET,8,8,8,8,8,8,8,8,8,8,,,
,,LW_FLC_TOP,14,14,14,14,14,14,14,14,14,14,,,
,,LW_GLOVES,14,14,14,14,14,14,14,14,14,14,,,
,,LW_JKT_FS,8,8,8,8,8,8,8,8,8,8,,,
,,LW_JKT_SL,8,8,8,8,8,8,8,8,8,8,,,
,,LW_KURTI,16,16,16,16,16,16,16,16,16,16,,,
,,LW_KURTI_ST,14,14,14,14,14,14,14,14,14,14,,,
,,LW_LEGGING,16,16,16,16,16,16,16,16,16,16,,,
,,LW_NIGHT_SUIT,12,12,12,12,12,12,12,12,12,12,,,
,,LW_NIGHTY,16,16,16,16,16,16,16,16,16,16,,,
,,LW_PANT,16,16,16,16,16,16,16,16,16,16,,,
,,LW_PLAZO,16,16,16,16,16,16,16,16,16,16,,,
,,LW_PYJAMA,16,16,16,16,16,16,16,16,16,16,,,
,,LW_SHAWL,14,14,14,14,14,14,14,14,14,14,,,
,,LW_SHRUG,16,16,16,16,16,16,16,16,16,16,,,
,,LW_SKEEVY,16,16,16,16,16,16,16,16,16,16,,,
,,LW_STOLE,14,14,14,14,14,14,14,14,14,14,,,
,,LW_SWEATER_FS,16,16,16,16,16,16,16,16,16,16,,,
,,LW_SWEATER_SL,16,16,16,16,16,16,16,16,16,16,,,
,,LW_THRM_LOWER,16,16,16,16,16,16,16,16,16,16,,,
,,LW_THRM_UPPER,18,18,18,18,18,18,18,18,18,18,,,
,,LW_THRM_W,18,18,18,18,18,18,18,18,18,18,,,
,,LW_TOP,16,16,16,16,16,16,16,16,16,16,,,
,,LW_TRACK_SUIT,12,12,12,12,12,12,12,12,12,12,,,
,,LW_WNDCHTR_JKT_FS,14,14,14,14,14,14,14,14,14,14,,,
,,M_BLAZER,5,5,5,5,5,5,5,5,5,5,,,
,,M_BOXER,16,16,16,16,16,16,16,16,16,16,,,
,,M_BRIEF,16,16,16,16,16,16,16,16,16,16,,,
,,M_C_SHIRT_FS,20,20,20,20,20,20,20,20,20,20,,,
,,M_C_SHIRT_FS_PW,20,20,20,20,20,20,20,20,20,20,,,
,,M_C_SHIRT_HS_HSR,20,20,20,20,20,20,20,20,20,20,,,
,,M_C_SHIRT_HS,20,20,20,20,20,20,20,20,20,20,,,
,,M_CRG_TRSR,12,12,12,12,12,12,12,12,12,12,,,
,,M_C_TRSR,14,14,14,14,14,14,14,14,14,14,,,
,,M_H_CO_ORD_SET,12,12,12,12,12,12,12,12,12,12,,,
,,M_T_CO_ORD_SET,12,12,12,12,12,12,12,12,12,12,,,
,,M_F_SHIRT_FS,16,16,16,16,16,16,16,16,16,16,,,
,,M_F_TRSR,14,14,14,14,14,14,14,14,14,14,,,
,,M_H_BERMUDA,16,16,16,16,16,16,16,16,16,16,,,
,,M_H_JAMAICAN,16,16,16,16,16,16,16,16,16,16,,,
,,M_H_PYJAMA,16,16,16,16,16,16,16,16,16,16,,,
,,M_JEANS,10,10,10,10,10,10,10,10,10,10,,,
,,M_JOGGER,10,10,10,10,10,10,10,10,10,10,,,
,,M_KRT_PYJAMA_3PC,7,7,7,7,7,7,7,7,7,7,,,
,,M_KRT_PYJ,16,16,16,16,16,16,16,16,16,16,,,
,,M_KURTA_FS,20,20,20,20,20,20,20,20,20,20,,,
,,M_KURTA_HS,20,20,20,20,20,20,20,20,20,20,,,
,,M_MODI_JKT,20,20,20,20,20,20,20,20,20,20,,,
,,M_PW_SHIRT_FS,16,16,16,16,16,16,16,16,16,16,,,
,,M_SANDO,22,22,22,22,22,22,22,22,22,22,,,
,,M_SF_SHIRT_FS,20,20,20,20,20,20,20,20,20,20,,,
,,M_SHRUG_FS,16,16,16,16,16,16,16,16,16,16,,,
,,M_SUIT,5,5,5,5,5,5,5,5,5,5,,,
,,M_T_BERMUDA,16,16,16,16,16,16,16,16,16,16,,,
,,M_T_JAMAICAN,16,16,16,16,16,16,16,16,16,16,,,
,,M_T_PYJAMA,16,16,16,16,16,16,16,16,16,16,,,
,,M_T_SHIRT_PN_FS,20,20,20,20,20,20,20,20,20,20,,,
,,M_TEES_PN_HS,20,20,20,20,20,20,20,20,20,20,,,
,,M_TEES_FS,22,22,22,22,22,22,22,22,22,22,,,
,,M_TEES_HS,22,22,22,22,22,22,22,22,22,22,,,
,,M_TEES_SL,22,22,22,22,22,22,22,22,22,22,,,
,,M_TIGHTS_FS,22,22,22,22,22,22,22,22,22,22,,,
,,M_TIGHTS_HS,22,22,22,22,22,22,22,22,22,22,,,
,,M_TIGHTS_SL,22,22,22,22,22,22,22,22,22,22,,,
,,M_VEST,18,18,18,18,18,18,18,18,18,18,,,
,,MA_MOBILE CHARGER,12,12,12,12,12,12,12,12,12,12,,,
,,MA_USB CABLE,12,12,12,12,12,12,12,12,12,12,,,
,,MASK,10,10,10,10,10,10,10,10,10,10,,,
,,MENS_MIX,6,6,6,6,6,6,6,6,6,6,,,
,,MW_CAP,14,14,14,14,14,14,14,14,14,14,,,
,,MW_GLOVES,10,10,10,10,10,10,10,10,10,10,,,
,,MW_JKT_FS,10,10,10,10,10,10,10,10,10,10,,,
,,MW_JKT_SL,10,10,10,10,10,10,10,10,10,10,,,
,,MW_MODI_JKT,12,12,12,12,12,12,12,12,12,12,,,
,,MW_MUFFLER,14,14,14,14,14,14,14,14,14,14,,,
,,MW_PYJAMA,14,14,14,14,14,14,14,14,14,14,,,
,,MW_SWEATER_FS,14,14,14,14,14,14,14,14,14,14,,,
,,MW_SWEATER_SL,14,14,14,14,14,14,14,14,14,14,,,
,,MW_T_SHIRT_FS,15,15,15,15,15,15,15,15,15,15,,,
,,MW_T_SHIRT_SL,14,14,14,14,14,14,14,14,14,14,,,
,,MW_THRM_LOWER,16,16,16,16,16,16,16,16,16,16,,,
,,MW_THRM_UPPER,18,18,18,18,18,18,18,18,18,18,,,
,,MW_THRM_W,0,0,0,0,0,0,0,0,0,0,,,
,,MW_TRACK_SUIT,13,13,13,13,13,13,13,13,13,13,,,
,,MW_WNDCHTR_JKT_FS,14,14,14,14,14,14,14,14,14,14,,,
,,SANITIZER,10,10,10,10,10,10,10,10,10,10,,,
,,SF_EXERCIS MAT,12,12,12,12,12,12,12,12,12,12,,,
,,SF_SKIPPING RO,3,3,3,3,3,3,3,3,3,3,,,
,,SI_BADMINTON RACK,6,6,6,6,6,6,6,6,6,6,,,
,,SI_BASKET BALL,6,6,6,6,6,6,6,6,6,6,,,
,,SI_CAROM BOARD,8,8,8,8,8,8,8,8,8,8,,,
,,SI_CORK,12,12,12,12,12,12,12,12,12,12,,,
,,SI_PLASTIC_SET,8,8,8,8,8,8,8,8,8,8,,,
,,SI_RBR_SQUEEZE,7,7,7,7,7,7,7,7,7,7,,,
,,SO_C_BAT,6,6,6,6,6,6,6,6,6,6,,,
,,SO_FOOTBALL,6,6,6,6,6,6,6,6,6,6,,,
,,SO_T_TENNIS BALLS,12,12,12,12,12,12,12,12,12,12,,,
,,SSNL_BALLOON,10,10,10,10,10,10,10,10,10,10,,,
,,SSNL_HOLI GULAL,10,10,10,10,10,10,10,10,10,10,,,
,,ST_CLAY,12,12,12,12,12,12,12,12,12,12,,,
,,ST_COLOR SET,16,16,16,16,16,16,16,16,16,16,,,
,,ST_EXAM_BOARD,15,15,15,15,15,15,15,15,15,15,,,
,,ST_PEN SET,18,18,18,18,18,18,18,18,18,18,,,
,,ST_PENCIL BOX,24,24,24,24,24,24,24,24,24,24,,,
,,ST_RUBBER SET,16,16,16,16,16,16,16,16,16,16,,,
,,ST_STATIONARY_SET,10,10,10,10,10,10,10,10,10,10,,,
,,T_BABY BATH_TUB,4,4,4,4,4,4,4,4,4,4,,,
,,T_BABY RIDER,2,2,2,2,2,2,2,2,2,2,,,
,,T_BABY TRICYCLE,2,2,2,2,2,2,2,2,2,2,,,
,,T_DOG,14,14,14,14,14,14,14,14,14,14,,,
,,T_DOLLS,6,6,6,6,6,6,6,6,6,6,,,
,,T_FUR_BAG,6,6,6,6,6,6,6,6,6,6,,,
,,T_HANGING_TOYS,16,16,16,16,16,16,16,16,16,16,,,
,,T_MT_TOYS,12,12,12,12,12,12,12,12,12,12,,,
,,T_OTHR ANIMALS,12,12,12,12,12,12,12,12,12,12,,,
,,T_PRAM,1,1,1,1,1,1,1,1,1,1,,,
,,T_SOFT BALLS,12,12,12,12,12,12,12,12,12,12,,,
,,T_TEDDY BEAR,6,6,6,6,6,6,6,6,6,6,,,
,,TG_I_WALKER,5,5,5,5,5,5,5,5,5,5,,,
,,TG_MULTI_PUR_TABLE,12,12,12,12,12,12,12,12,12,12,,,
,,YB_BRIEF,8,8,8,8,8,8,8,8,8,8,,,
,,YB_CO_ORD_ST,8,8,8,8,8,8,8,8,8,8,,,
,,YB_CO_ORD_ST_FS,8,8,8,8,8,8,8,8,8,8,,,
,,YB_D_JOGGER,7,7,7,7,7,7,7,7,7,7,,,
,,YB_H_B_SUIT_FS,7,7,7,7,7,7,7,7,7,7,,,
,,YB_H_B_SUIT_HS,7,7,7,7,7,7,7,7,7,7,,,
,,YB_H_BERMUDA,9,9,9,9,9,9,9,9,9,9,,,
,,YB_H_JAMAICAN,9,9,9,9,9,9,9,9,9,9,,,
,,YB_H_PYJAMA,9,9,9,9,9,9,9,9,9,9,,,
,,YB_JEANS,8,8,8,8,8,8,8,8,8,8,,,
,,YB_KURTA_ST,8,8,8,8,8,8,8,8,8,8,,,
,,YB_MODI_JACKET,8,8,8,8,8,8,8,8,8,8,,,
,,YB_N_SUIT_HS,12,12,12,12,12,12,12,12,12,12,,,
,,YB_PW_BLAZER,8,8,8,8,8,8,8,8,8,8,,,
,,YB_SHIRT_FS,11,11,11,11,11,11,11,11,11,11,,,
,,YB_SHIRT_HS,11,11,11,11,11,11,11,11,11,11,,,
,,YB_SUIT,8,8,8,8,8,8,8,8,8,8,,,
,,YB_T_B_SUIT_FS,7,7,7,7,7,7,7,7,7,7,,,
,,YB_T_B_SUIT_HS,7,7,7,7,7,7,7,7,7,7,,,
,,YB_T_BERMUDA,9,9,9,9,9,9,9,9,9,9,,,
,,YB_T_JAMAICAN,9,9,9,9,9,9,9,9,9,9,,,
,,YB_T_PYJAMA,9,9,9,9,9,9,9,9,9,9,,,
,,YB_T_SHIRT_FS,11,11,11,11,11,11,11,11,11,11,,,
,,YB_T_SHIRT_PN_HS,11,11,11,11,11,11,11,11,11,11,,,
,,YB_TEES_HS,11,11,11,11,11,11,11,11,11,11,,,
,,YB_TEES_SL,11,11,11,11,11,11,11,11,11,11,,,
,,YB_TRSR,9,9,9,9,9,9,9,9,9,9,,,
,,YB_VEST,10,10,10,10,10,10,10,10,10,10,,,
,,YBW_JKT_FS,9,9,9,9,9,9,9,9,9,9,,,
,,YBW_JKT_SL,7,7,7,7,7,7,7,7,7,7,,,
,,YBW_PYJAMA,7,7,7,7,7,7,7,7,7,7,,,
,,YBW_SWEATER_FS,7,7,7,7,7,7,7,7,7,7,,,
,,YBW_SWEATER_SL,7,7,7,7,7,7,7,7,7,7,,,
,,YBW_T_SHIRT_FS,10,10,10,10,10,10,10,10,10,10,,,
,,YBW_T_SUIT,10,10,10,10,10,10,10,10,10,10,,,
,,YBW_THRM_W,8,8,8,8,8,8,8,8,8,8,,,
,,YG_CO_ORD_ST,9,9,9,9,9,9,9,9,9,9,,,
,,YG_CO_ORD_ST_FS,8,8,8,8,8,8,8,8,8,8,,,
,,YG_D_HOT_PANT,9,9,9,9,9,9,9,9,9,9,,,
,,YG_D_JOGGER,8,8,8,8,8,8,8,8,8,8,,,
,,YG_DUNGRE,7,7,7,7,7,7,7,7,7,7,,,
,,YG_H_CAPRI,9,9,9,9,9,9,9,9,9,9,,,
,,YG_H_FROCK,10,10,10,10,10,10,10,10,10,10,,,
,,YG_H_HOT_PANT,9,9,9,9,9,9,9,9,9,9,,,
,,YG_H_M_FROCK_HS,10,10,10,10,10,10,10,10,10,10,,,
,,YG_H_NIGHTY,10,10,10,10,10,10,10,10,10,10,,,
,,YG_H_PYJAMA,9,9,9,9,9,9,9,9,9,9,,,
,,YG_H_SKRT,7,7,7,7,7,7,7,7,7,7,,,
,,YG_H_TOP_FS,11,11,11,11,11,11,11,11,11,11,,,
,,YG_H_TOP_HS,11,11,11,11,11,11,11,11,11,11,,,
,,YG_HAREMS,7,7,7,7,7,7,7,7,7,7,,,
,,YG_HOT_PANT_ST,9,9,9,9,9,9,9,9,9,9,,,
,,YG_JEANS,8,8,8,8,8,8,8,8,8,8,,,
,,YG_JEGGINGS,8,8,8,8,8,8,8,8,8,8,,,
,,YG_KURTI,10,10,10,10,10,10,10,10,10,10,,,
,,YG_LEGGING,9,9,9,9,9,9,9,9,9,9,,,
,,YG_N_SUIT_FS,12,12,12,12,12,12,12,12,12,12,,,
,,YG_N_SUIT_HS,7,7,7,7,7,7,7,7,7,7,,,
,,YG_PANTY,8,8,8,8,8,8,8,8,8,8,,,
,,YG_PW_FROCK,8,8,8,8,8,8,8,8,8,8,,,
,,YG_SKRT_TOP_ST,9,9,9,9,9,9,9,9,9,9,,,
,,YG_SLIPS,13,13,13,13,13,13,13,13,13,13,,,
,,YG_ST,9,9,9,9,9,9,9,9,9,9,,,
,,YG_ST_FS,9,9,9,9,9,9,9,9,9,9,,,
,,YG_T_CAPRI,9,9,9,9,9,9,9,9,9,9,,,
,,YG_T_FROCK,10,10,10,10,10,10,10,10,10,10,,,
,,YG_T_HOT_PANT,9,9,9,9,9,9,9,9,9,9,,,
,,YG_T_M_FROCK_HS,10,10,10,10,10,10,10,10,10,10,,,
,,YG_T_NIGHTY,10,10,10,10,10,10,10,10,10,10,,,
,,YG_T_PYJAMA,9,9,9,9,9,9,9,9,9,9,,,
,,YG_T_SKRT,7,7,7,7,7,7,7,7,7,7,,,
,,YG_T_TOP_FS,11,11,11,11,11,11,11,11,11,11,,,
,,YG_T_TOP_HS,11,11,11,11,11,11,11,11,11,11,,,
,,YGW_BLAZER,10,10,10,10,10,10,10,10,10,10,,,
,,YGW_FLC_TOP,10,10,10,10,10,10,10,10,10,10,,,
,,YGW_JKT_FS,8,8,8,8,8,8,8,8,8,8,,,
,,YGW_JKT_SL,8,8,8,8,8,8,8,8,8,8,,,
,,YGW_LEGGING,8,8,8,8,8,8,8,8,8,8,,,
,,YGW_PYJAMA,10,10,10,10,10,10,10,10,10,10,,,
,,YGW_SKEEVY,10,10,10,10,10,10,10,10,10,10,,,
,,YGW_ST,12,12,12,12,12,12,12,12,12,12,,,
,,YGW_SWEATER_FS,7,7,7,7,7,7,7,7,7,7,,,
,,YGW_SWEATER_SL,7,7,7,7,7,7,7,7,7,7,,,
,,YGW_THRM_W,8,8,8,8,8,8,8,8,8,8,,,
,,YGW_TOP,8,8,8,8,8,8,8,8,8,8,,,
,,HH_CA_DUSTBIN,8,8,8,8,8,8,8,8,8,8,,,
,,LS_FACE_TISSUE,6,6,6,6,6,6,6,6,6,6,,,
,,LS_SHEET MASK,6,6,6,6,6,6,6,6,6,6,,,
,,HH_STL_BOWL,80,80,80,80,80,80,80,80,80,80,,,
,,LS_LIP_BALM,24,24,24,24,24,24,24,24,24,24,,,
,,HH_DISH_WASH,12,12,12,12,12,12,12,12,12,12,,,
,,LS_WAX STRIPS,12,12,12,12,12,12,12,12,12,12,,,
,,MA_HEAD PHONE,12,12,12,12,12,12,12,12,12,12,,,
,,HF_CUSHION,12,12,12,12,12,12,12,12,12,12,,,
,,HH_NAPHTHALENE_BALLS,24,24,24,24,24,24,24,24,24,24,,,
,,LS_MAINICURE KIT,12,12,12,12,12,12,12,12,12,12,,,
,,HH_WOODEN KEY HOLDER,12,12,12,12,12,12,12,12,12,12,,,
,,LS_BLUSHER,6,6,6,6,6,6,6,6,6,6,,,
,,MA_POWER BANK,6,6,6,6,6,6,6,6,6,6,,,
,,MA_EAR PHONE,12,12,12,12,12,12,12,12,12,12,,,
,,L_H_CROP_TOP_HS,22,22,22,22,22,22,22,22,22,22,,,
,,L_LNG_SKIRT,12,12,12,12,12,12,12,12,12,12,,,
,,L_MED_SKIRT,16,16,16,16,16,16,16,16,16,16,,,
,,LS_WALL CLOCK,12,12,12,12,12,12,12,12,12,12,,,
,,GM_SEST_SEDC,24,24,24,24,24,24,24,24,24,24,,,
,,LS_SILICON_POUCHES,20,20,20,20,20,20,20,20,20,20,,,
,,LS_M_FORMAL_BELT,24,24,24,24,24,24,24,24,24,24,,,
,,LS_M_CASUAL_BELT,24,24,24,24,24,24,24,24,24,24,,,
,,LS_W_SLING_PURSE,15,15,15,15,15,15,15,15,15,15,,,
